date,Title,Content,tokens
2022-01-05T08:08:00,분기 편안 실적 밸류 매력 베스트,목표 베스트 투자 증권 분기 안정 실적 건설 밸류 메리트 가지 표주 유지 베스트 투자 증권 따르 작년 분기 매출액 전년 동기 대비 감소 센서스 대비 하회 전망 반면 영업 이익 전년 동기 대비 감소 센서스 영업 이익 부합 호실 기록 기대 베스트 투자 증권 연구원 호실 원인 주택 부문 매출 기여 확대 마진 레벨 상승세 지속 기인 분기 통상 동종 업체 해외 부문 충당 설정 멘탈 건설 전반 주가 횡보 이어지 가운데 상대 밸류 메리트 주가 맞추 흐름 지속 대형 건설 평균 주당 자산 설명 기사 기사 섹션 분류 안내,목표 베스트 투자 증권 안정 실적 밸류 메리트 가지 표주 유지 베스트 투자 증권 따르 작년 매출액 전년 동기 대비 감소 센서스 대비 하회 전망 반면 영업 이익 전년 동기 대비 감소 센서스 영업 이익 부합 호실 기록 기대 베스트 투자 증권 연구원 호실 원인 주택 부문 매출 기여 확대 마진 레벨 상승세 지속 기인 통상 동종 업체 해외 부문 충당 설정 멘탈 전반 주가 횡보 이어지 상대 밸류 메리트 주가 맞추 흐름 지속 대형 평균 주당 자산 설명 분류 안내
2022-10-16T15:35:00,포토 뉴스 역사 개발 이웃 기탁,역사 개발 행정 복지 센터 이웃 기탁 기사 기사 섹션 분류 안내,역사 개발 행정 복지 센터 이웃 기탁 분류 안내
2022-08-02T16:02:00,지산 원피 에프 브이 전달,경기 지식 정보 타운 지식 기반 산업 용지 입주 예정 기업 지산 원피 에프 브이 최근 취약 계층 전달 업체 지난해 금액 용도 전달 시장 집무실 기부금 전달식 시장 지산 원피 에프 브이 참여 사인 대표 현장 소장 관계자 참석 대표 지역 사회 이웃 나누 십시일반 정성 시장 모두 어렵 시기 이웃 사랑 실천 회사 감사 드리 필요 인사 이날 전달 기부금 경기 사회 복지 공동 금회 도움 필요 지역 취약 계층 사용 방침 기사 기사 섹션 분류 기사 추천,경기 지식 정보 타운 지식 기반 산업 용지 입주 예정 기업 지산 원피 에프 브이 최근 취약 계층 전달 업체 지난해 금액 용도 전달 시장 집무실 기부금 전달식 시장 지산 원피 에프 브이 참여 사인 대표 현장 소장 관계자 참석 대표 지역 사회 이웃 나누 십시일반 정성 시장 모두 어렵 시기 이웃 사랑 실천 회사 감사 드리 필요 인사 이날 전달 기부금 경기 사회 복지 공동 금회 도움 필요 지역 취약 계층 사용 방침 분류 추천
2022-04-06T15:15:00,지식 정보 타운 공사장 근로자 사망,기사 내용 요약 사인 규명 시일 전망 경기 지식 정보 타운 블록 공사 현장 현장 근로자 사고 병원 후송 경찰서 따르 이날 오전 현장 출입 차량 안내 신호수 굴착기 철골 기둥 인근 병원 후송 공사 현장 비추 폐쇄 회로 최초 발견자 진술 굴착기 신호수 충돌 확인 사인 규명 시일 사고 현장 최초 발견 굴착기 기사 경찰 조사 조끼 굴착기 확인 사람 진술 사고 현장 주변 비추 실정 경찰 사고 원인 조사 굴착기 충돌 여부 확인 하청 업체 소속 사고 현장 연면적 규모 지식 산업 센터 신축 공사비 중대 재해 처벌 대상 공사비 과실 인정 원청 하청 업체 관련 처벌 대상 기사 기사 섹션 분류 안내,내용 요약 사인 규명 시일 전망 경기 지식 정보 타운 블록 공사 현장 현장 근로자 사고 병원 후송 경찰서 따르 이날 오전 현장 출입 차량 안내 신호수 굴착기 철골 기둥 인근 병원 후송 공사 현장 비추 폐쇄 회로 최초 발견자 진술 굴착기 신호수 충돌 확인 사인 규명 시일 사고 현장 최초 발견 굴착기 경찰 조사 조끼 굴착기 확인 사람 진술 사고 현장 주변 비추 실정 경찰 사고 원인 조사 굴착기 충돌 여부 확인 하청 업체 소속 사고 현장 연면적 규모 지식 산업 센터 신축 공사비 중대 재해 처벌 대상 공사비 과실 인정 원청 하청 업체 관련 처벌 대상 분류 안내
2022-07-20T14:41:00,차세대 사업 진출,트리 에너지 업무 협약 탄소 에너지원 주목 사업 진출 최근 트리 에너지 설계 조달 시공 사업 업무 협약 체결 설립 트리 에너지 차세대 일체 용융염 원자로 주력 모델 개발 용융염 원자로 핵연료 냉각재 형태 용융염 고체 상태 액체 형태 연료 활용 방식 액체 연료 원자로 용융염 원자로 안전 우수 설치 산업 시설 공급 기당 메가와트 전력 공급 트리 에너지 세대 원자로 개발 인허가 단계 정부 지원 민간 자금 조달 소개 회사 최초 상업 일체 용융염 원자로 개발 상업 운전 돌입 목표 미래 성장 사업 육성 전략 강점 보유 석유 화학 플랜트 개발 사업 연계 산업 전력 열원 공급 일체 용융염 원자로 개발 설명 향후 사업 수소 암모니아 생산 연계 탄소 중립 실현 에너지 사업 발전 기술 개발 모색 계획 기사 섹션 분류 기사 추천,트리 에너지 업무 협약 탄소 에너지원 주목 사업 진출 최근 트리 에너지 설계 조달 시공 사업 업무 협약 체결 설립 트리 에너지 차세대 일체 용융염 원자로 주력 모델 개발 용융염 원자로 핵연료 냉각재 형태 용융염 고체 상태 액체 형태 연료 활용 방식 액체 연료 원자로 용융염 원자로 안전 우수 설치 산업 시설 공급 기당 메가와트 전력 공급 트리 에너지 세대 원자로 개발 인허가 단계 정부 지원 민간 자금 조달 소개 회사 최초 상업 일체 용융염 원자로 개발 상업 운전 돌입 목표 미래 성장 사업 육성 전략 강점 보유 석유 화학 플랜트 개발 사업 연계 산업 전력 열원 공급 일체 용융염 원자로 개발 설명 향후 사업 수소 암모니아 생산 연계 탄소 중립 실현 에너지 사업 발전 기술 개발 모색 계획 분류 추천
2022-06-12T11:01:00,르포 시간 공항 건설 순항,국내 최대 해상 매립 공항 활주로 항공기 착륙 공법 도입 대형 콘크리트 구조물 바다 국토 짜임 공항 건설 울릉군 인프라 확충 노력 공항 완공 시간 거리 준공 개항 목표 건설 공항 본격 다지기 작업 가운데 공항 조성 공사 순조 진행 공항 건설 주민 숙원 사업 정부 연륙교 도서 지역 교통 편의 추진 소형 공항 프로젝트 가운데 속도 사업 공항 일대 공항 부지 조성 바다 대형 콘크리트 구조물 케이슨 제작 영일 만항 현장 방문 공사 진척 상황 시간 여객선 입도 대부분 여객선 시간 뱃길 출발 경우 항구 이용 안팎 이동 기자단 시간 도착 버스 여객선 터미널 쾌속선 입항 뱃길 생각 파고 시간 롤러코스터 위아래 멀미 사람 다음 뱃길 시간 생각 출장 주변 시간 걸리 관광객 바이러스 감염증 사태 모두 외출 꺼리 지난해 공항 취재 방문 소식 방문 뱃길 하늘길 열리 편안 공항 생기 개항 항공기 하루 이용 공항 예비 조사 통과 본격 추진 시작 기본 계획 고시 기본 설계 선정 컨소시엄 마치 공사 착수 국토 지난달 공항 건설 공사 공정 연말 달성 목표 공사 진행 공항 남쪽 일원 인승 소형 항공기 취항 소형 공항 계획 계류장 여객기 경비행기 헬기 수용 활주로 항공기 내리 시간 공항 이용 운용 계획 육지 이어지 바다 공항 국내 최대 규모 해상 매립 공항 건설 정부 분기 사업비 투입 활주로 계류장 여객 터미널 부대시설 완성 그해 분기 시험 운영 정식 개항 시간표 제시 활주로 계류장 운영 국토 지방항 공청 여객 터미널 부대시설 국토 공항 개항 기존 소요 시간 안팎 단축 주민 교통 복지 향상 관광객 연간 이상 증가 예상 국내 최대 해상 매립 공항 공법 도입 활주로 필요 공항 평지 공항 육지 연결 해안 바다 매립 공항 부지 다지 활주로 방식 설계 해안 공항 부지 마련 공항 건설 국내 최초 공법 도입 케이슨 높이 아파트 규모 콘크리트 구조물 방파제 바깥쪽 해상 케이슨 일렬 바다 방파제 만들 안쪽 토사 공항 부지 마련 예정 해상 매립 필요 토사 공사 현장 맞닿 해발 높이 가두 동안 절취 확보 바다 설치 케이슨 대부분 바다 잠기 정도 높이 수면 노출 수면 노출 케이슨 토사 수면 높이 공항 만드 중요 공정 높이 규모 활주로 계류장 여객 터미널 주차장 건설 시작 최종 공청 공항 시설 국장 전국 피해 태풍 이삭 최대 파고 공항 부지 파도 수준 설계 설명 공항 부지 다지 제작 안전 설치 핵심 공항 케이슨 영일 만항 케이슨 제작 만들 제작 케이슨 앞바다 지난달 도착 제자리 케이슨 영일 만항 거치 케이슨 제작 제작 현장 케이슨 제작 작업 진행 작장 지석 소장 공항 건설 필요 케이슨 가운데 연말 제작 완료 현장 설치 목표 작업 진행 공항 들어서 평균 수심 최대 수심 케이슨 크기 자리 수심 타입 제작 케이슨 국내 제작 케이슨 가운데 케이슨 공항 지반 역할 안전 확보 중요 공항 현장 소장 케이슨 자리 잠수부 바닷속 바닥 고르 안정 확인 견고 케이슨 자체 하중 수중 안정 고정 추가 조치 필요 설명 케이슨 옮기 거리 무게 케이슨 바다 예인선 안전 운반 시속 속도 시간 현장 도달 현장 관계자 케이슨 공항 현장 옮기 연속 파고 이하 기상 확보 동안 이동 작업 가능 절개 우회 도로 개통 눈앞 울릉군 인프라 확충 계획 공항 현장 지난달 도착 자리 케이슨 육안 확인 케이슨 수심 정도 노출 케이슨 왼쪽 케이슨 작업 케이슨 방파제 사이 바다 공간 절취 토사 매립 공항 부지 현장 소장 절취 토사 공항 부지 매립 필요 토사 외부 추가 토사 반입 공항 부지 마련 가능 이달 절취 작업 우회 도로 사동 터널 개통 관련 공사 속도 공항 윤곽 드러나 주민 기대 울릉군 군수 공항 군민 숙원 사업 공항 주민 교통 편의 개선 기대 군수 공항 생기 관광객 예상 정부 숙박 편의 시설 인프라 확충 적극 계획 주종 국토 공항 정책 국장 공항 정부 추진 공항 가운데 최초 착공 공사 진행 사업 그간 공항 공항 국내 건설 과정 노하우 아쉬움 집약 공항 편리 짜임 공항 건설 기사 기사 섹션 분류 기사 추천,최대 해상 매립 공항 활주로 항공기 착륙 공법 도입 대형 콘크리트 구조물 바다 국토 짜임 공항 울릉군 인프라 확충 노력 공항 완공 시간 거리 준공 개항 목표 공항 본격 다지기 작업 공항 조성 공사 순조 진행 공항 주민 숙원 사업 정부 연륙교 도서 지역 교통 편의 추진 소형 공항 프로젝트 속도 사업 공항 일대 공항 부지 조성 바다 대형 콘크리트 구조물 케이슨 제작 영일 만항 현장 방문 공사 진척 상황 시간 여객선 입도 대부분 여객선 시간 뱃길 출발 경우 항구 이용 안팎 이동 기자단 시간 도착 버스 여객선 터미널 쾌속선 입항 뱃길 생각 파고 시간 롤러코스터 위아래 멀미 사람 다음 뱃길 시간 생각 출장 주변 시간 걸리 관광객 바이러스 감염증 사태 모두 외출 꺼리 지난해 공항 취재 방문 소식 방문 뱃길 하늘길 열리 편안 공항 생기 개항 항공기 하루 이용 공항 예비 조사 통과 본격 추진 시작 기본 계획 고시 기본 설계 선정 컨소시엄 마치 공사 착수 국토 지난달 공항 공사 공정 연말 달성 목표 공사 진행 공항 남쪽 일원 인승 소형 항공기 취항 소형 공항 계획 계류장 여객기 경비행기 헬기 수용 활주로 항공기 내리 시간 공항 이용 운용 계획 육지 이어지 바다 공항 최대 규모 해상 매립 공항 정부 사업비 투입 활주로 계류장 여객 터미널 부대시설 완성 그해 시험 운영 정식 개항 시간표 제시 활주로 계류장 운영 국토 지방항 공청 여객 터미널 부대시설 국토 공항 개항 기존 소요 시간 안팎 단축 주민 교통 복지 향상 관광객 연간 이상 증가 예상 최대 해상 매립 공항 공법 도입 활주로 필요 공항 평지 공항 육지 연결 해안 바다 매립 공항 부지 다지 활주로 방식 설계 해안 공항 부지 마련 공항 최초 공법 도입 케이슨 높이 아파트 규모 콘크리트 구조물 방파제 바깥쪽 해상 케이슨 일렬 바다 방파제 만들 안쪽 토사 공항 부지 마련 예정 해상 매립 필요 토사 공사 현장 맞닿 해발 높이 가두 동안 절취 확보 바다 설치 케이슨 대부분 바다 잠기 정도 높이 수면 노출 수면 노출 케이슨 토사 수면 높이 공항 만드 중요 공정 높이 규모 활주로 계류장 여객 터미널 주차장 시작 최종 공청 공항 시설 국장 전국 피해 태풍 이삭 최대 파고 공항 부지 파도 수준 설계 설명 공항 부지 다지 제작 안전 설치 핵심 공항 케이슨 영일 만항 케이슨 제작 만들 제작 케이슨 앞바다 지난달 도착 제자리 케이슨 영일 만항 거치 케이슨 제작 제작 현장 케이슨 제작 작업 진행 작장 지석 소장 공항 필요 케이슨 연말 제작 완료 현장 설치 목표 작업 진행 공항 들어서 평균 수심 최대 수심 케이슨 크기 자리 수심 타입 제작 케이슨 제작 케이슨 케이슨 공항 지반 역할 안전 확보 중요 공항 현장 소장 케이슨 자리 잠수부 바닷속 바닥 고르 안정 확인 견고 케이슨 자체 하중 수중 안정 고정 추가 조치 필요 설명 케이슨 옮기 거리 무게 케이슨 바다 예인선 안전 운반 시속 속도 시간 현장 도달 현장 관계자 케이슨 공항 현장 옮기 연속 파고 이하 기상 확보 동안 이동 작업 가능 절개 우회 도로 개통 눈앞 울릉군 인프라 확충 계획 공항 현장 지난달 도착 자리 케이슨 육안 확인 케이슨 수심 정도 노출 케이슨 왼쪽 케이슨 작업 케이슨 방파제 사이 바다 공간 절취 토사 매립 공항 부지 현장 소장 절취 토사 공항 부지 매립 필요 토사 외부 추가 토사 반입 공항 부지 마련 가능 이달 절취 작업 우회 도로 사동 터널 개통 관련 공사 속도 공항 윤곽 드러나 주민 기대 울릉군 군수 공항 군민 숙원 사업 공항 주민 교통 편의 개선 기대 군수 공항 생기 관광객 예상 정부 숙박 편의 시설 인프라 확충 적극 계획 주종 국토 공항 정책 국장 공항 정부 추진 공항 최초 착공 공사 진행 사업 그간 공항 공항 과정 노하우 아쉬움 집약 공항 편리 짜임 공항 분류 추천
2022-01-27T22:23:00,중대 재해 처벌 첫날 건설 현장 휴무,중대 재해 처벌 시행 첫날 대형 건설사 현장 작업 일시 중단 휴무 기업 여유 중소기업 대비 여력 자체 전전긍긍 보도 전국 최대 규모 재건축 공사 현장 하늘 대형 크레인 드넓 공사 현장 작업자 보이 공사 현장 중대 재해 처벌 시행 첫날 모습 업종 가운데 산재 건설 업계 필수 인력 제외 현장 노동자 대부분 출근 전국 주요 건설 현장 시행 첫날 대부분 작업 현대 건설 협력 사도 참여 안전 환경 관련 교육 시간 작업 대체 상당수 업체 연휴 기업 걱정 중대 재해 처벌 처벌 대상 사고 예방 안전 보건 책임자 직책 신설 관련 예산 인력 확대 중대 재해 성과 평가 중요 지표 포함 문제 경영 환경 중소기업 미만 이상 사업 경우 동안 적용 한시 유예 시간 대응 능력 부족 마찬가지 중소기업 특성 경영진 구속 하소연 광범위 규정 미완 시작 불리 중대 재해 처벌 예정 시행 들어가 기업 고민 커지 제보 뉴스 검색 채널 추가 기사 기사 섹션 분류 안내,중대 재해 처벌 시행 첫날 대형 건설사 현장 작업 일시 중단 휴무 기업 여유 중소기업 대비 여력 자체 전전긍긍 보도 전국 최대 규모 재건축 공사 현장 하늘 대형 크레인 드넓 공사 현장 작업자 보이 공사 현장 중대 재해 처벌 시행 첫날 모습 업종 산재 업계 필수 인력 제외 현장 노동자 대부분 출근 전국 주요 현장 시행 첫날 대부분 작업 현대 협력 사도 참여 안전 환경 관련 교육 시간 작업 대체 상당수 업체 연휴 기업 걱정 중대 재해 처벌 처벌 대상 사고 예방 안전 보건 책임자 직책 신설 관련 예산 인력 확대 중대 재해 성과 평가 중요 지표 포함 문제 경영 환경 중소기업 미만 이상 사업 경우 동안 적용 한시 유예 시간 대응 능력 부족 마찬가지 중소기업 특성 경영진 구속 하소연 광범위 규정 미완 시작 불리 중대 재해 처벌 예정 시행 들어가 기업 고민 커지 제보 뉴스 검색 채널 추가 분류 안내
2022-01-24T17:28:00,건물 현실 안전 문제,주상 복합 건물 진동 발생 관련 실험 결과 안전 문제 결론 오늘 오후 보도 자료 원인 밝혀내 주요 정밀 계측기 설치 어제 재현 실험 실시 회사 긴급 안전 진단 건물 안전 이상 추가 건축 학회 구조 전문가 도움 다수 사람 일정 리듬 진동 발생 주요 계측 확보 방식 실험 진행 단국 교수 입수 동영상 모니터 정도 주말 사이 진행 재현 실험 결과 종합 검토 이번 진동 소동 발생 충격 진동 크기 단위 수준 건물 최대 수준 충격 구조 안전 확보 안전 이상 설명 발생 진동 이상 진동 발생 건물 안전 의미 설명 진동 발생 원인 일종 현상 미세 진동 바닥 현상 교수 설계 시공 과정 문제점 건물 발생 복합 충격 건물 내부 사람 반복 동작 바닥 미세 떨리 현상 발생 진단 일부 제기 유리창 누수 단순 파손 이번 진동 입주 사용 과정 문제 기사 기사 섹션 분류 안내,주상 복합 건물 진동 발생 관련 실험 결과 안전 문제 결론 오늘 오후 보도 자료 원인 밝혀내 주요 정밀 계측기 설치 어제 재현 실험 실시 회사 긴급 안전 진단 건물 안전 이상 추가 건축 학회 구조 전문가 도움 다수 사람 일정 리듬 진동 발생 주요 계측 확보 방식 실험 진행 단국 교수 입수 동영상 모니터 정도 주말 사이 진행 재현 실험 결과 종합 검토 이번 진동 소동 발생 충격 진동 크기 단위 수준 건물 최대 수준 충격 구조 안전 확보 안전 이상 설명 발생 진동 이상 진동 발생 건물 안전 의미 설명 진동 발생 원인 일종 현상 미세 진동 바닥 현상 교수 설계 시공 과정 문제점 건물 발생 복합 충격 건물 내부 사람 반복 동작 바닥 미세 떨리 현상 발생 진단 일부 제기 유리창 누수 단순 파손 이번 진동 입주 사용 과정 문제 분류 안내
2022-11-30T11:16:00,주택 도시 개발 대상 세상 가구 중대 평형 각종 개발 호재 중심지 부상,일대 공급 세상 투시도 주택 도시 개발 사업 대상 선정 세상 지하 지상 개동 가구 규모 조성 전용 면적 구성 가구 공급 예정 가구 희소성 중대 평형 구성 특징 세상 일대 개발 호재 계획 미래 가치 발표 도시 기본 계획 자료 따르 단지 인접 촌선 지구 장유 진영 도시 개발 주축 포함 향후 대표 중심지 주목 개발 계획 인구 변화 주택 수요 변화 예측 조성 계획 마련 세상 세상 세상 브랜드 파워 걸맞 상품 자랑 세상 평면 세대 맞통 가능 선호도 판상 설계 채광 환기 세상 역량 집중 라이프 스타일 평면 플랫 적용 특징 구조 변경 자유 수납 극대 공간 예정 더불 대형 현관 트리 확장 안방 세탁 보조 주방 수납공간 제공 특화 상품 후드 세상 아파트 최초 도입 모터 적용 소음 줄이 조리 발생 유해 물질 빠르 제거 환기 연동 렌지 후드 스마트 공기 제어 시스템 에어 커튼 저감 식재 구성 도입 입주민 세대 생활 가능 전망 기사 기사 섹션 분류 안내,일대 공급 투시도 주택 도시 개발 사업 대상 선정 지하 지상 개동 가구 규모 조성 전용 면적 구성 가구 공급 예정 가구 희소성 중대 평형 구성 특징 일대 개발 호재 계획 미래 가치 발표 도시 기본 계획 자료 따르 단지 인접 촌선 지구 장유 진영 도시 개발 주축 포함 향후 대표 중심지 주목 개발 계획 인구 변화 주택 수요 변화 예측 조성 계획 마련 파워 걸맞 상품 자랑 평면 세대 맞통 가능 선호도 판상 설계 채광 환기 역량 집중 라이프 스타일 평면 플랫 적용 특징 구조 변경 자유 수납 극대 공간 예정 더불 대형 현관 트리 확장 안방 세탁 보조 주방 수납공간 제공 특화 상품 후드 아파트 최초 도입 모터 적용 소음 줄이 조리 발생 유해 물질 빠르 제거 환기 연동 렌지 후드 스마트 공기 제어 시스템 에어 커튼 저감 식재 구성 도입 입주민 세대 생활 가능 전망 분류 안내
2022-09-07T08:24:00,석유 화학 발주 증가 기대 주택 마진 개선 분기 하이,투자 증권 보수 해외 수주 전략 석유 화학 발주 사이클 공격 수주 전략 전개 가능 판단 투자 의견 매수 목표 주가 기존 유지 종가 하이 투자 증권 연구원 석유 화학 투자 향후 빠르 보이 가운데 다수 트랙 레코드 보유 석유 화학 부문 강자 분기 누적 기준 별도 수주 연간 계획 대비 달성 플랜트 부문 대비 잔여 수주 경우 카타르 라스 파이프라인 달성 가능 존재 연구원 설명 화학 수주 확정 파악 분기 실적 매출액 영업 이익 추정 매출액 지난해 기간 증가 영업 이익 감소 규모 자재 가격 인상 주택 마진 하락 주택 영위 대형 건설사 대비 분기 빠르 반영 파악 주택 마진 개선 분기 분석 자회사 건설 정비 사업 기성 증가 분기 대비 영업 이익 개선 흐름 판단 연구원 기준 자산 비율 주택 영위 대형 건설사 평균 대비 할인율 보이 설명 수준 대비 포인트 이상 상승 밸류 연말 빠르 주장 밸류 격차 감소 이유 주택 원가 상승 반영 마무리 분기 경상 수준 주택 부문 마진 기록 보이 주택 영위 건설사 대비 분기 정도 설명 해외 수주 상승 보이 이란 합의 결과 추가 기사 기사 섹션 분류 기사 추천,투자 증권 보수 해외 수주 전략 석유 화학 발주 사이클 공격 수주 전략 전개 가능 판단 투자 의견 매수 목표 주가 기존 유지 종가 하이 투자 증권 연구원 석유 화학 투자 향후 빠르 보이 다수 트랙 레코드 보유 석유 화학 부문 강자 누적 기준 별도 수주 연간 계획 대비 달성 플랜트 부문 대비 잔여 수주 경우 카타르 라스 파이프라인 달성 가능 존재 연구원 설명 화학 수주 확정 파악 실적 매출액 영업 이익 추정 매출액 지난해 기간 증가 영업 이익 감소 규모 자재 가격 인상 주택 마진 하락 주택 영위 대형 건설사 대비 빠르 반영 파악 주택 마진 개선 분석 자회사 정비 사업 기성 증가 대비 영업 이익 개선 흐름 판단 연구원 기준 자산 비율 주택 영위 대형 건설사 평균 대비 할인율 보이 설명 수준 대비 포인트 이상 상승 밸류 연말 빠르 주장 밸류 격차 감소 이유 주택 원가 상승 반영 마무리 경상 수준 주택 부문 마진 기록 보이 주택 영위 건설사 대비 정도 설명 해외 수주 상승 보이 이란 합의 결과 추가 분류 추천
2022-01-23T14:57:00,태보 댄스 초고층 현상,초고층 원인 추정 현상 내부 활동 진동 증폭 가능 마트 발생 실시간 계측기 모니터링 초고층 주상 복합 아크 타워 발생 건물 원인 가능 제기 현상 외부 진동수 물체 진동수 일치 진동 커지 효과 따르 긴급 안전 점검 결과 진동 발생 건물 안정 결론 진동 발생 원인 분석 주요 계측기 설치 실시간 모니터링 진행 국내 최고 구조 전문가 건축학 교수 콘크리트 학회 안전 점검 참여 작성 보고서 신고 진동 상시 진동 불특정 시간 발생 진동 건물 내부 특정 액티비티 활동 진동 추정 업계 마트 발생 진동 원인 유사 사례 가능 마트 건물 감지 사흘 출입 통제 처분 국내 이상 초고층 건물 최초 발생 수직 진동 현상 조사 결과 당시 진동 건물 피트 니스 센터 단체 태보 태권 복싱 동작 결합 에어로빅댄스 운동 발생 공진 현상 원인 결론 건물 진동 주기 사람 반복 태보 동작 동안 발생 진동 주기 일치 상층부 진동 증가 공진 현상 파악 당시 마트 건물 상층부 제어 장치 설치 공진 현상 해결 최근 진동 감지 업무 동인 타워 철근 콘크리트 철골 합성 구조 진동 수준 마트 건물 진동 유사 타워 건물 대형 연예 에스엠 입주 댄스 연습 확인 과거 마트 사례 마찬가지 단체 추면 공진 현상 일시 진동 발생 개연 계측기 설치 실시간 모니터링 진행 원인 파악 세심 해결 방법 마련 계획 타워 준공 주상 복합 건물 아크 오피스 에스엠 현대 비스 입주 기사 섹션 분류 안내,초고층 원인 추정 현상 내부 활동 진동 증폭 가능 마트 발생 실시간 계측기 모니터링 초고층 주상 복합 아크 타워 발생 건물 원인 가능 제기 현상 외부 진동수 물체 진동수 일치 진동 커지 효과 따르 긴급 안전 점검 결과 진동 발생 건물 안정 결론 진동 발생 원인 분석 주요 계측기 설치 실시간 모니터링 진행 최고 구조 전문가 건축학 교수 콘크리트 학회 안전 점검 참여 작성 보고서 신고 진동 상시 진동 불특정 시간 발생 진동 건물 내부 특정 액티비티 활동 진동 추정 업계 마트 발생 진동 원인 유사 사례 가능 마트 건물 감지 사흘 출입 통제 처분 이상 초고층 건물 최초 발생 수직 진동 현상 조사 결과 당시 진동 건물 피트 니스 센터 단체 태보 태권 복싱 동작 결합 에어로빅댄스 운동 발생 공진 현상 원인 결론 건물 진동 주기 사람 반복 태보 동작 동안 발생 진동 주기 일치 상층부 진동 증가 공진 현상 파악 당시 마트 건물 상층부 제어 장치 설치 공진 현상 해결 최근 진동 감지 업무 동인 타워 철근 콘크리트 철골 합성 구조 진동 수준 마트 건물 진동 유사 타워 건물 대형 연예 에스엠 입주 댄스 연습 확인 과거 마트 사례 마찬가지 단체 추면 공진 현상 일시 진동 발생 개연 계측기 설치 실시간 모니터링 진행 원인 파악 세심 해결 방법 마련 계획 타워 준공 주상 복합 건물 아크 오피스 에스엠 현대 비스 입주 분류 안내
2022-08-24T18:01:00,건설 헤매 현대 발목,부동산 시장 얼어붙 국내 건설 경기 부진 국내 사업 해외 수주 만회 건설사 늘어나 해외 사업 제때 발주 전쟁 장애물 모습 업체 현대 건설 건설 발목 건설업 상황 알아보 현대 사업 컨소시엄 원유 정제 시설 건설 수도 남쪽 지역 공사비 달하 대형 프로젝트 당초 준공 예정 작업 지연 공사 기간 공사 이상 진행 올해 준공 예상 공사비 상당 그렇 경우 상반기 기준 공사 정도 가운데 공사비 지급 시점 청구 공사 금액 공사 경우 미수금 가능 건설 미수금 공사 기간 원가 추가 반영 수익 업체 추가 비용 정부 협상 벌이 기자 상황 상황 완공 진행 사업 비스 마야 사막 한가운데 가구 규모 도시 수주 금액 확산 공사비 지급 밀리 공사 주택 건설 진행 절반 인프라 건설 상황 최근 정부 공사 재개 요청 문제 그간 미수금 공사 재개 입장 진전 상황 사업 골치 그렇 지난해 가스 화학 프로젝트 수주 규모 올해 침공 터지 사업 상반기 플랜트 매출 비교 제재 공사 진행 대금 정산 어려움 기대 규모 추가 수주 활로 상황 기사 기사 섹션 분류 기사 추천,부동산 시장 얼어붙 경기 부진 사업 해외 수주 만회 건설사 늘어나 해외 사업 제때 발주 전쟁 장애물 모습 업체 현대 발목 건설업 상황 알아보 현대 사업 컨소시엄 원유 정제 시설 수도 남쪽 지역 공사비 달하 대형 프로젝트 당초 준공 예정 작업 지연 공사 기간 공사 이상 진행 올해 준공 예상 공사비 상당 그렇 경우 상반기 기준 공사 정도 공사비 지급 시점 청구 공사 금액 공사 경우 미수금 가능 미수금 공사 기간 원가 추가 반영 수익 업체 추가 비용 정부 협상 벌이 기자 상황 상황 완공 진행 사업 비스 마야 사막 한가운데 가구 규모 도시 수주 금액 확산 공사비 지급 밀리 공사 주택 진행 절반 인프라 상황 최근 정부 공사 재개 요청 문제 그간 미수금 공사 재개 입장 진전 상황 사업 골치 그렇 지난해 가스 화학 프로젝트 수주 규모 올해 침공 터지 사업 상반기 플랜트 매출 비교 제재 공사 진행 대금 정산 어려움 기대 규모 추가 수주 활로 상황 분류 추천
2022-07-06T09:30:00,동대구 고속 터미널 규모 세상 스퀘어 분양,동대구 역세 중심 자리 관심 집중 동대구 고속 터미널 적지 최대 규모 동대구 고속 터미널 유동 인구 교통 허브 심상 주목 심의 마지막 노른자 광역 교통 인프라 집중 입지 장점 바탕 시민 구미 인근 지역 수도 거주자 모여드 관문 유일 광역 상권 명성 장점 광역 교통 핵심 역할 자리 달하 동대구 고속 터미널 개발 오피스텔 신호탄 올리 성공 거두 세상 스퀘어 아파트 들어서 관심 집중 고속 터미널 개발 완성 동대구 고속 터미널 완성 세상 스퀘어 지하 지상 계약 면적 규모 동대 구역 일대 폭발 유동 인구 대비 상대 부족 상권 보충 심상 보이 안정 운영 후면 호텔 연계 라이프 메디컬 중심 테마 개발 예정 세상 스퀘어 장점 최고 유동 인구 쇼핑 문화 중심 다음 전국 이용객 기록 승하차 인원 도시 철도 대중 교통망 연결 복합 환승 센터 호텔 동대구 카페 거리 동대구 맛집 거리 이상 전국 유동 인구 자랑 예정 환승역 거듭나 유동 인구 기대 최근 부동산 규제 완화 전국 최대 수혜 지역 뽑히 신규 공급 아파트 일대 유동 인구 심상 주거 생활 중심 상권 확장 입주 분양 세대 신규 공급 예정 세대 포함 세대 주거 타운 형성 예정 세상 스퀘어 시내 유동 인구 도보 접근 주거 배후 수요 한편 세상 스퀘어 브랜드 가치 기대 높이 올해 소비자 신뢰 브랜드 대상 수상 국가 브랜드 대상 연속 수상 스타 브랜드 연속 수상 고객 선호 스마트 아파트 브랜드 선호 조사 차지 브랜드 파워 인정받 세상 브랜드 입지 규모 브랜드 파워 상가 투자 평가 부동산 관계자 예전 동성 일대 범어 거리 주목 이제 동대 구역 일대 심상 인정받 투자자 관심 집중 동대구 고속 터미널 동대구 상권 대표 세상 스퀘어 들어서 심상 대표 자리매김 세상 스퀘어 홍보 공개 예정 기사 섹션 분류 기사 추천,동대구 역세 중심 자리 관심 집중 동대구 고속 터미널 적지 최대 규모 동대구 고속 터미널 유동 인구 교통 허브 심상 주목 심의 마지막 노른자 광역 교통 인프라 집중 입지 장점 바탕 시민 구미 인근 지역 수도 거주자 모여드 관문 유일 광역 상권 명성 장점 광역 교통 핵심 역할 자리 달하 동대구 고속 터미널 개발 오피스텔 신호탄 올리 성공 거두 스퀘어 아파트 들어서 관심 집중 고속 터미널 개발 완성 동대구 고속 터미널 완성 스퀘어 지하 지상 계약 면적 규모 동대 구역 일대 폭발 유동 인구 대비 상대 부족 상권 보충 심상 보이 안정 운영 후면 호텔 연계 라이프 메디컬 중심 테마 개발 예정 스퀘어 장점 최고 유동 인구 쇼핑 문화 중심 다음 전국 이용객 기록 승하차 인원 도시 철도 대중 교통망 연결 복합 환승 센터 호텔 동대구 카페 거리 동대구 맛집 거리 이상 전국 유동 인구 자랑 예정 환승역 거듭나 유동 인구 기대 최근 부동산 규제 완화 전국 최대 수혜 지역 뽑히 신규 공급 아파트 일대 유동 인구 심상 주거 생활 중심 상권 확장 입주 분양 세대 신규 공급 예정 세대 포함 세대 주거 타운 형성 예정 스퀘어 시내 유동 인구 도보 접근 주거 배후 수요 한편 스퀘어 가치 기대 높이 올해 소비자 신뢰 대상 수상 국가 대상 연속 수상 스타 연속 수상 고객 선호 스마트 아파트 선호 조사 차지 파워 인정받 입지 규모 파워 상가 투자 평가 부동산 관계자 예전 동성 일대 범어 거리 주목 이제 동대 구역 일대 심상 인정받 투자자 관심 집중 동대구 고속 터미널 동대구 상권 대표 스퀘어 들어서 심상 대표 자리매김 스퀘어 홍보 공개 예정 분류 추천
2022-01-17T06:01:00,영역 넓히 건설사 고급 브랜드,건설사 고급 브랜드 사용 범위 시장 넓히 치열 우위 점하 정비 업계 따르 조합 설립 아파트 고급 아파트 브랜드 아크로 적용 제안 아파트 최근 조합 설립 동의 달성 다음 조합 설립 총회 예정 아파트 추진 위원회 관계자 다수 건설사 관심 보이 유일 고급 브랜드 제안 상태 조합 설립 마치 선정 예정 추진 아파트 다수 건설사 고급 브랜드 제안 상태 현대 건설 조건 충족 경우 자사 고급 브랜드 디에이치 적용 제안 아크 적용 아파트 추진 제안 아파트 추진 관계자 디에이치 적용 확정 디에이치 이름 경우 설계안 필요 일반 아파트 브랜드 분담금 조합원 동의 아파트 설계 업체 선정 예정 얼마 건설사 고급 브랜드 집값 재건축 개발 단지 사용 현대 건설 당시 재건축 시장 대어 서초 가든 디에이치 수주 대비 고급 브랜드 디에이치 내놓 이후 디에이치 주구 방배 구역 재건축 위주 디에이치 적용 시작 서초 준공 아크 파크 준공 아크로 고급 브랜드 건설 출시 준공 예정 그러 고급 브랜드 최근 강북 지방 사용 범위 이제 시장 보이 현대 건설 지난달 아파트 사업 수주 단지 디에이치 적용 최초 아파트 예정 맨션 건설 고급 브랜드 적용 탈바꿈 예정 현대 건설 촌동 가람 강촌 수주 강변 아파트 디에이치 적용 검토 고급 브랜드 적용 작년 건설사 상당수 전담 만들 수주 적극 나서 상황 현재 시공 능력 평가 건설사 건설사 전담 정도 건설업 관심 상태 플랜트 관계자 기존 관련 부서 시장 동향 관련 담당 일자 조직 개편 전담 만들 시장 적극 행동 조치 기사 기사 섹션 분류 안내,건설사 고급 사용 범위 시장 넓히 치열 우위 점하 정비 업계 따르 조합 설립 아파트 고급 아파트 아크로 적용 제안 아파트 최근 조합 설립 동의 달성 다음 조합 설립 총회 예정 아파트 추진 위원회 관계자 다수 건설사 관심 보이 유일 고급 제안 상태 조합 설립 마치 선정 예정 추진 아파트 다수 건설사 고급 제안 상태 현대 조건 충족 경우 자사 고급 디에이치 적용 제안 아크 적용 아파트 추진 제안 아파트 추진 관계자 디에이치 적용 확정 디에이치 이름 경우 설계안 필요 일반 아파트 분담금 조합원 동의 아파트 설계 업체 선정 예정 얼마 건설사 고급 집값 재건축 개발 단지 사용 현대 당시 재건축 시장 대어 서초 가든 디에이치 수주 대비 고급 디에이치 내놓 이후 디에이치 주구 방배 구역 재건축 위주 디에이치 적용 시작 서초 준공 아크 파크 준공 아크로 고급 출시 준공 예정 그러 고급 최근 강북 지방 사용 범위 이제 시장 보이 현대 지난달 아파트 사업 수주 단지 디에이치 적용 최초 아파트 예정 맨션 고급 적용 탈바꿈 예정 현대 촌동 가람 강촌 수주 강변 아파트 디에이치 적용 검토 고급 적용 작년 건설사 상당수 전담 만들 수주 적극 나서 상황 현재 시공 능력 평가 건설사 건설사 전담 정도 건설업 관심 상태 플랜트 관계자 기존 관련 부서 시장 동향 관련 담당 일자 조직 개편 전담 만들 시장 적극 행동 조치 분류 안내
2022-04-08T06:06:00,당선 정책 혜주 건설 건자재,재건축 공급 확대 정책 건설 인테리어 시멘트 원가 상승 실적 전망 호조 대통령 당선인 정책 혜주 건설 업종 관련 주가 대선 직후 내리막길 정책 방향 드러나 차익 매물 여파 풀이 반면 건축 자재 건자재 관련 상승세 거래소 따르 대선 이후 건설 지수 하락 대선 지수 지난달 상승세 하락세 지수 구성 현대 건설 건설 건설 업종 대형주 하락 규제 완화 기대감 투자 심리 대선 이후 위축 여파 건설 순매도 매수 대선 직후 흐름 보이 설주 건축 규제 완화 민간 위주 공급 계획 공약 구체 실행 방안 나오 상승 동력 양상 수도 일부 지역 미분양 물량 성장 동력 상실 분석 규제 완화 실제 건설사 수주 잔고 증가 이어지 시차 발생 단기 실적 개선 발목 요인 정부 재건축 규제 완화 효과 정부 정부 규제 완화 정부 투자 증권 연구원 건축 기대감 커지 긍정 이슈 정책 시장 예상 범위 벗어나 힘들 구체 계획 발표 취임식 이후 예상 설명 하반기 재건축 발생 건설업 밸류 수주 나오 광역시 공급 과잉 현상 해소 진단 반면 창호 주방 가구 인테리어 시멘트 건자재 시장 규제 완화 기대감 원가 상승 실적 개선 상승세 국내 창호 주방 욕실 제품 가격 이달 인상 내달 창호 가격 예정 양회 시멘트 업체 레미콘 업체 공급 가격 인상 창호 기업 부엌 가구 기업 대표 현대 시멘트 상승 금융 정보 업체 에프 가이드 집계 센서스 증권가 이상 실적 전망 따르 영업 이익 올해 내년 전망 올해 증가 추정 성장 예상 증권 연구원 인상 보수 가정 적용 시멘트 업체 평균 매출 증가 설명 건설 업종 경우 다음 정부 출범 정책 해소 주가 본격 상승세 분석 전진단 기준 변경 주택 담보인 정비 규제 완화 거론 증권 연구원 대선 이벤트 소멸 수급 이슈 주택 대형주 주가 하락 인테리어 건자재 가격 인상 소식 기반 주가 상승 부동산 정책 이벤트 공급 우려 진단 기사 기사 섹션 분류 안내,재건축 공급 확대 정책 인테리어 시멘트 원가 상승 실적 전망 호조 대통령 당선인 정책 혜주 업종 관련 주가 대선 직후 내리막길 정책 방향 드러나 차익 매물 여파 풀이 반면 건축 자재 건자재 관련 상승세 거래소 따르 대선 이후 지수 하락 대선 지수 지난달 상승세 하락세 지수 구성 현대 업종 대형주 하락 규제 완화 기대감 투자 심리 대선 이후 위축 여파 순매도 매수 대선 직후 흐름 보이 설주 건축 규제 완화 민간 위주 공급 계획 공약 구체 실행 방안 나오 상승 동력 양상 수도 일부 지역 미분양 물량 성장 동력 상실 분석 규제 완화 실제 건설사 수주 잔고 증가 이어지 시차 발생 단기 실적 개선 발목 요인 정부 재건축 규제 완화 효과 정부 정부 규제 완화 정부 투자 증권 연구원 건축 기대감 커지 긍정 이슈 정책 시장 예상 범위 벗어나 힘들 구체 계획 발표 취임식 이후 예상 설명 하반기 재건축 발생 건설업 밸류 수주 나오 광역시 공급 과잉 현상 해소 진단 반면 창호 주방 가구 인테리어 시멘트 건자재 시장 규제 완화 기대감 원가 상승 실적 개선 상승세 창호 주방 욕실 제품 가격 이달 인상 내달 창호 가격 예정 양회 시멘트 업체 레미콘 업체 공급 가격 인상 창호 기업 부엌 가구 기업 대표 현대 시멘트 상승 금융 정보 업체 에프 가이드 집계 센서스 증권가 이상 실적 전망 따르 영업 이익 올해 내년 전망 올해 증가 추정 성장 예상 증권 연구원 인상 보수 가정 적용 시멘트 업체 평균 매출 증가 설명 업종 경우 다음 정부 출범 정책 해소 주가 본격 상승세 분석 전진단 기준 변경 주택 담보인 정비 규제 완화 거론 증권 연구원 대선 이벤트 소멸 수급 이슈 주택 대형주 주가 하락 인테리어 건자재 가격 인상 소식 기반 주가 상승 부동산 정책 이벤트 공급 우려 진단 분류 안내
2022-06-12T16:30:00,시간 공항 공정 건설 본궤도,국내 도서 지역 소형 공항 공항 해양 매립 활주로 국내 최초 기록 천혜 관광 자원 뱃길 시간 포함 시간 걸리 접근 도민 숙원 사업 공항 건설 사업 최근 공항 부지 해상 매립 착수 궤도 공항 개항 공항 항공기 도착 당일 관광 가능 기대 모으 앞바다 공항 현장 파도 가운데 해상 매립 포크 레인 사석 돌덩이 투하 작업 한창 바다 해상 방파제 구조물 높이 초대 케이슨 수면 모습 드러내 제작 케이슨 아파트 크기 철근 콘크리트 구조물 예인선 거리 바닷길 시속 속도 지난달 현장 성공 자리 공항 현장 소장 공사 착수 공항 건설 공사 공정 연말 전체 가운데 함의 케이슨 설치 계획 케이슨 설치 매립 수면 높이 활주로 공항 만드 중요 공정 완공 차질 공항 남쪽 일원 인승 소형 항공기 취항 소형 공항 국내 공항 건설 기록 평균 수심 성토 높이 평균 이르 국내 최대 높이 해양 매립 공사 공항 평균 수심 웃도 수심 공항 매립 필요 토사 인접 가두 확보 항만 공항 건설 케이슨 공법 적용 공항 국내 처음 케이슨 무게 이후 역대 최대 시간 교통 시간 단축 제외 우리나라 도서 지역 가운데 처음 전국 생활 편입 전망 인승 항공기 이착륙 활주로 길이 설계 국내 공항 가운데 처음 정부 분기 사업비 투입 활주로 계류장 여객 터미널 부대시설 완성 그해 분기 시험 운영 상반기 정식 개항 계획 항공기 내리 시간 하루 공항 이용 운용 계획 활주로 계류장 운영 국토 지방항 공청 여객 터미널 부대시설 여객 터미널 옥상 가두 형상 공항 전망대 설치 항공기 이착륙 동해 바다 조망 가능 관광 명소 국토 공항 개항 주민 교통 복지 향상 관광객 연간 수준 증가 예상 주종 국토 공항 정책 관은 공항 정부 연륙교 도서 지역 교통 편의 추진 소형 공항 프로젝트 가운데 속도 사업 향후 공항 공항 국내 주요 하늘길 가능 공항 윤곽 드러나 주민 기대 울릉군 사동 공항 환자 이송 주민 교통 편의 개선 일자리 기대 울릉군 관광객 증가 대비 부족 교통편 숙박 시설 관광 인프라 확충 기사 섹션 분류 기사 추천,도서 지역 소형 공항 공항 해양 매립 활주로 최초 기록 천혜 관광 자원 뱃길 시간 포함 시간 걸리 접근 도민 숙원 사업 공항 사업 최근 공항 부지 해상 매립 착수 궤도 공항 개항 공항 항공기 도착 당일 관광 가능 기대 모으 앞바다 공항 현장 파도 해상 매립 포크 레인 사석 돌덩이 투하 작업 한창 바다 해상 방파제 구조물 높이 초대 케이슨 수면 모습 드러내 제작 케이슨 아파트 크기 철근 콘크리트 구조물 예인선 거리 바닷길 시속 속도 지난달 현장 성공 자리 공항 현장 소장 공사 착수 공항 공사 공정 연말 전체 함의 케이슨 설치 계획 케이슨 설치 매립 수면 높이 활주로 공항 만드 중요 공정 완공 차질 공항 남쪽 일원 인승 소형 항공기 취항 소형 공항 공항 기록 평균 수심 성토 높이 평균 이르 최대 높이 해양 매립 공사 공항 평균 수심 웃도 수심 공항 매립 필요 토사 인접 가두 확보 항만 공항 케이슨 공법 적용 공항 처음 케이슨 무게 이후 역대 최대 시간 교통 시간 단축 제외 우리나라 도서 지역 처음 전국 생활 편입 전망 인승 항공기 이착륙 활주로 길이 설계 공항 처음 정부 사업비 투입 활주로 계류장 여객 터미널 부대시설 완성 그해 시험 운영 상반기 정식 개항 계획 항공기 내리 시간 하루 공항 이용 운용 계획 활주로 계류장 운영 국토 지방항 공청 여객 터미널 부대시설 여객 터미널 옥상 가두 형상 공항 전망대 설치 항공기 이착륙 동해 바다 조망 가능 관광 명소 국토 공항 개항 주민 교통 복지 향상 관광객 연간 수준 증가 예상 주종 국토 공항 정책 관은 공항 정부 연륙교 도서 지역 교통 편의 추진 소형 공항 프로젝트 속도 사업 향후 공항 공항 주요 하늘길 가능 공항 윤곽 드러나 주민 기대 울릉군 사동 공항 환자 이송 주민 교통 편의 개선 일자리 기대 울릉군 관광객 증가 대비 부족 교통편 숙박 시설 관광 인프라 확충 분류 추천
2022-04-30T09:01:00,주택 전시관 디자인,오픈 주거 시설 주택 전시관 갤러리 못지않 문화 공간 플레이스 주목 일반 견본 주택 곳곳 도예 회화 조각 아트 다양 예술 작품 전시 이전 라이프 스타일 니트 디스플레이 확인 주택 전시관 방문객 중심 호응 방문객 세계 건축 디자이너 국내 인테리어 조경 디자이너 협업 주거 시설 이야기 방문 확인 지금 주거 시설 차별 전체 콘셉트 기획 상무 건립 상무 과거 마케팅 담당 임원 재직 당시 브랜드 아크로 성공 경험 발판 시간 고민 유수 전문가 협업 추진 공간 대표 사람 철학 공간 라이프 스타일 표현 협의 특별 공간 완성 내부 공간 디자인 총괄 대표 아크 담당 인테리어 스타일리스트 최근 공간 컨설팅 디스플레이 디자인 아모레 퍼시픽 프리 카페 라운지 미술관 전시 디스플레이 담당 국내 최고 수준 공간 연출 전문가 대표 구현 자신 취향 방식 반영 자신 공간 설명 반영 마감재 천편일률 가구 과거 공간 꾸미 달라지 공간 레이어드 스타일 적용 계획 형태 줄이 추상 조각 접근 영감 질감 중심 표현 공간 구성 내부 공간 만들 디테일 캔버스 선사 대표 이야기 철학 디자인 전용 오피스텔 전실 설계 적용 소호 로프트 스타일 고급 감각 공간 연출 공간 들어서 볼륨 계단 시선 이끄 구조 계단 공간 접근 물리 기능 행위 다양 경험 선사 정고 벽면 바람 자연 요소 안티 스타 기법 마감 더불 주방 모듈 노바 키친 적용 가운데 마니 도어 핸들 손잡이 포인트 전용 도시 생활 주택 선택 구조 도입 기존 도시 생활 주택 확장 키친 레이아웃 공간 시각 인상 선사 콘크리트 질감 식탁 우드 마감 키친 타입 특별 미학 요소 작용 침실 금속 유리 도어 밀폐 공간 개방 시야 확보 침실 연결 워크 드레스 욕실 이어지 순환 구조 동선 효율 현재 분양 주택 전시관 타입 니트 확인 니트 공용 디스플레이 라이프 스타일 분야 스타일 대표 큐레이팅 최초 남성 전문 스미 참여 니트 디스플레이 의상 화류 스미 글로벌 브랜드 선도 소개 주택 전시관 최신 패션 트렌드 확인 전망 일원 자리 지하 지상 지하 규모 전용 오피스텔 전용 도시 생활 주택 세대 구성 주택 전시관 위치 기사 섹션 분류 기사 추천,오픈 주거 시설 주택 전시관 갤러리 못지않 문화 공간 플레이스 주목 일반 견본 주택 곳곳 도예 회화 조각 아트 다양 예술 작품 전시 이전 라이프 스타일 니트 디스플레이 확인 주택 전시관 방문객 중심 호응 방문객 세계 건축 디자이너 인테리어 조경 디자이너 협업 주거 시설 이야기 방문 확인 지금 주거 시설 차별 전체 콘셉트 기획 상무 건립 상무 과거 마케팅 담당 임원 재직 당시 아크로 성공 경험 발판 시간 고민 유수 전문가 협업 추진 공간 대표 사람 철학 공간 라이프 스타일 표현 협의 특별 공간 완성 내부 공간 디자인 총괄 대표 아크 담당 인테리어 스타일리스트 최근 공간 컨설팅 디스플레이 디자인 아모레 퍼시픽 프리 카페 라운지 미술관 전시 디스플레이 담당 최고 수준 공간 연출 전문가 대표 구현 자신 취향 방식 반영 자신 공간 설명 반영 마감재 천편일률 가구 과거 공간 꾸미 달라지 공간 레이어드 스타일 적용 계획 형태 줄이 추상 조각 접근 영감 질감 중심 표현 공간 구성 내부 공간 만들 디테일 캔버스 선사 대표 이야기 철학 디자인 전용 오피스텔 전실 설계 적용 소호 로프트 스타일 고급 감각 공간 연출 공간 들어서 볼륨 계단 시선 이끄 구조 계단 공간 접근 물리 기능 행위 다양 경험 선사 정고 벽면 바람 자연 요소 안티 스타 기법 마감 더불 주방 모듈 노바 키친 적용 마니 도어 핸들 손잡이 포인트 전용 도시 생활 주택 선택 구조 도입 기존 도시 생활 주택 확장 키친 레이아웃 공간 시각 인상 선사 콘크리트 질감 식탁 우드 마감 키친 타입 특별 미학 요소 작용 침실 금속 유리 도어 밀폐 공간 개방 시야 확보 침실 연결 워크 드레스 욕실 이어지 순환 구조 동선 효율 현재 분양 주택 전시관 타입 니트 확인 니트 공용 디스플레이 라이프 스타일 분야 스타일 대표 큐레이팅 최초 남성 전문 스미 참여 니트 디스플레이 의상 화류 스미 글로벌 선도 소개 주택 전시관 최신 패션 트렌드 확인 전망 일원 자리 지하 지상 지하 규모 전용 오피스텔 전용 도시 생활 주택 세대 구성 주택 전시관 위치 분류 추천
2022-12-21T11:53:00,노동자 기업 공개 정보,정보 공개 센터 직장 프로젝트 노동자 위험 기업 하루 산업 재해 사망 사고 발생 현실 단순 물음 산업 재해 정보 공개 원활 이루어지 상황 개선 정보 공개 센터 직장 프로젝트 프로젝트 시작 프로젝트 기업 검색 기업 발생 산업재 사망 사고 내역 확인 초점 맞추 산업재 사고 사망 여부 산업재 형태 행정 조치 여부 공개 국내 유일 데이터베이스 정보 공개 센터 프로젝트 홈페이지 제작 고용 노동부 산업재 다발 사업장 명단 공표 자료 고용 노동부 국회의원 실에 제출 연도 중대 재해 사업장 현황 입수 재해 조사 의견서 다양 산업재 데이터 수집 취합 사망 사고 사업장 고용 노동부 운영 취업 정보 사이트 워크 구인 광고 올리 해당 기업 산업재 사고 현황 계정 자동 기능 정보 공개 센터 프로젝트 홈페이지 공개 수집 자료 바탕 까지 재해 사고 발생 건수 기준 최근 대재 위험 기업 상위 사도 분석 안전 관리 원청 책임 강조 산업재 하청 통합 관리 제도 취지 하청 업체 사고 원청 기업 사고 포함 정보 공개 센터 분석 따르 재해 사망자 재해 사고 발생 브랜드 아파트 중대 재해 발생 노동자 사망 노동자 목숨 중대 재해 세상 아크 파크 브랜드 아파트 건설 건설 플랜트 사업 분할 설립 중대 재해 노동자 사망 평균 중대 재해 사망자 발생 건설 아파트 브랜드 자이 타임 스퀘어 건설 건설 중대 재해 발생 노동자 사망 기업 현대 건설 건설 현대 엘리베이터 플랜트 재해 사고 재해 사망자 발생 실효성 고용 노동부 중대 재해 관련 정보 공개 자료 중대 재해 다수 발생 상위 위험 기업 대부분 대형 건설사 사업장 위험 요소 실수 사고 특수 업종 노동자 생명 보호 안전 관리 철저 이행 기업 확인 정부 관리 부분 관점 특별 단순 진단 산업재 관련 정보 원활 공개 정부 산업재 관련 정보 공개 지나치 소극 고용 노동부 산업 안전 보건 공단 산업 안전 보건 홈페이지 분기 산업재 현황 연간 산업재 현황 공개 정보 사고 유형 사업주 의무 위반 내용 확인 가능 정부 정보 공개 수준 산재 다발 사업장 명단 사고 발생 건수 공개 정도 그치 정도 정보 공개 산재 사고 관련 행정 절차 대법원 최종심 종료 공개 경우 실질 정보 공개 최소 소요 뒤늦 확정 산업재 현황 정보 파일 고용 노동부 산업 안전 보건 공단 홈페이지 상황 자체 산업재 관련 정보 공개 재해 발생 기업 경각심 압박감 이유 최근 동안 스크린 정비 업체 직원 사망 사고 태안 화력 발전소 사망 사고 참혹 중대 재해 발생 사회 파장 산업재 줄어들 나라 지표 산업재 현황 따르 산업재 사망자 사망자 증가 질병 증가 산업 재해 증가 정부 소극 산업재 관련 정보 공개 프로젝트 정부 산업 재해 국민 노동자 권리 끝나 예정 기사 섹션 분류 안내,정보 공개 센터 직장 프로젝트 노동자 위험 기업 하루 산업 재해 사망 사고 발생 현실 단순 물음 산업 재해 정보 공개 원활 이루어지 상황 개선 정보 공개 센터 직장 프로젝트 프로젝트 시작 프로젝트 기업 검색 기업 발생 산업재 사망 사고 내역 확인 초점 맞추 산업재 사고 사망 여부 산업재 형태 행정 조치 여부 공개 유일 데이터베이스 정보 공개 센터 프로젝트 홈페이지 제작 고용 노동부 산업재 다발 사업장 명단 공표 자료 고용 노동부 국회의원 실에 제출 연도 중대 재해 사업장 현황 입수 재해 조사 의견서 다양 산업재 데이터 수집 취합 사망 사고 사업장 고용 노동부 운영 취업 정보 사이트 워크 구인 광고 올리 해당 기업 산업재 사고 현황 계정 자동 기능 정보 공개 센터 프로젝트 홈페이지 공개 수집 자료 바탕 까지 재해 사고 발생 건수 기준 최근 대재 위험 기업 상위 사도 분석 안전 관리 원청 책임 강조 산업재 하청 통합 관리 제도 취지 하청 업체 사고 원청 기업 사고 포함 정보 공개 센터 분석 따르 재해 사망자 재해 사고 발생 아파트 중대 재해 발생 노동자 사망 노동자 목숨 중대 재해 아크 파크 아파트 플랜트 사업 분할 설립 중대 재해 노동자 사망 평균 중대 재해 사망자 발생 아파트 자이 타임 스퀘어 중대 재해 발생 노동자 사망 기업 현대 현대 엘리베이터 플랜트 재해 사고 재해 사망자 발생 실효성 고용 노동부 중대 재해 관련 정보 공개 자료 중대 재해 다수 발생 상위 위험 기업 대부분 대형 건설사 사업장 위험 요소 실수 사고 특수 업종 노동자 생명 보호 안전 관리 철저 이행 기업 확인 정부 관리 부분 관점 특별 단순 진단 산업재 관련 정보 원활 공개 정부 산업재 관련 정보 공개 지나치 소극 고용 노동부 산업 안전 보건 공단 산업 안전 보건 홈페이지 산업재 현황 연간 산업재 현황 공개 정보 사고 유형 사업주 의무 위반 내용 확인 가능 정부 정보 공개 수준 산재 다발 사업장 명단 사고 발생 건수 공개 정도 그치 정도 정보 공개 산재 사고 관련 행정 절차 대법원 최종심 종료 공개 경우 실질 정보 공개 최소 소요 뒤늦 확정 산업재 현황 정보 파일 고용 노동부 산업 안전 보건 공단 홈페이지 상황 자체 산업재 관련 정보 공개 재해 발생 기업 경각심 압박감 이유 최근 동안 스크린 정비 업체 직원 사망 사고 태안 화력 발전소 사망 사고 참혹 중대 재해 발생 사회 파장 산업재 줄어들 나라 지표 산업재 현황 따르 산업재 사망자 사망자 증가 질병 증가 산업 재해 증가 정부 소극 산업재 관련 정보 공개 프로젝트 정부 산업 재해 국민 노동자 권리 끝나 예정 분류 안내
2022-03-18T20:30:00,총리 대교 현장 근무자 역사 업적,현장 사무소 오찬 간담회 기업 다음 정부 건설 투자 교육 시스템 갖추 인수인계 터키 순방 국무총리 현지 시간 오후 대교 개통식 참석 건설 참여 현장 근로자 다음 정부 건설 관심 투자 차세대 훈련 교육 인재 시스템 총리 이날 오후 대교 인근 현장 사무소 대교 건설 참여 기업 플랜트 건설 임직원 오찬 간담회 업적 민국 국민 자부심 만들 최선 대교 이르 세계 최장 현수교 기업 플랜트 터키 기업 기획 투자 시공 운영 참여 건설 프로젝트 공화국 기념 완공 예정 조기 개통 총리 기술 뛰어나 인내심 떠나 코리아 업적 국민 감격 축하 손뼉 총리 대교 역사 지역 나라 세계 기술력 소문 기업 잠재력 평가 기술력 평가 생각 강조 이날 간담회 한솔 플랜트 교량 도로 사업 담당 상무 우영 담당 임원 임원 포함 관련 건설 업체 현장 관계자 참석 기업인 이날 간담회 수출입 은행 이번 대교 수주 중요 역할 목소리 평가 가격 경쟁력 그동안 터키 인정받 기술력 현지 기업 합작 총리 기업인 현장 사항 다음 정부 정확 패스 인수인계 정부 관점 현장 얘기 해외 건설 협회 중소 중견 기업 법률 조세 지원 신용 보증 제도 확충 시간 건의 회장 사업 실적 부족 중소 중견 기업 정책 배려 보조 요율 시스템 신용 보증 공급 제도 기반 확충 필요 다국적 기업 현장 공사 임하 경우 나라 참여 기업 기업 탄력 갖추 애로 경우 제도 취지 기사 기사 섹션 분류 안내,현장 사무소 오찬 간담회 기업 다음 정부 투자 교육 시스템 갖추 인수인계 터키 순방 국무총리 현지 시간 오후 대교 개통식 참석 참여 현장 근로자 다음 정부 관심 투자 차세대 훈련 교육 인재 시스템 총리 이날 오후 대교 인근 현장 사무소 대교 참여 기업 플랜트 임직원 오찬 간담회 업적 민국 국민 자부심 만들 최선 대교 이르 세계 최장 현수교 기업 플랜트 터키 기업 기획 투자 시공 운영 참여 프로젝트 공화국 기념 완공 예정 조기 개통 총리 기술 뛰어나 인내심 떠나 코리아 업적 국민 감격 축하 손뼉 총리 대교 역사 지역 나라 세계 기술력 소문 기업 잠재력 평가 기술력 평가 생각 강조 이날 간담회 한솔 플랜트 교량 도로 사업 담당 상무 우영 담당 임원 임원 포함 관련 업체 현장 관계자 참석 기업인 이날 간담회 수출입 은행 이번 대교 수주 중요 역할 목소리 평가 가격 경쟁력 그동안 터키 인정받 기술력 현지 기업 합작 총리 기업인 현장 사항 다음 정부 정확 패스 인수인계 정부 관점 현장 얘기 해외 협회 중소 중견 기업 법률 조세 지원 신용 보증 제도 확충 시간 건의 회장 사업 실적 부족 중소 중견 기업 정책 배려 보조 요율 시스템 신용 보증 공급 제도 기반 확충 필요 다국적 기업 현장 공사 임하 경우 나라 참여 기업 기업 탄력 갖추 애로 경우 제도 취지 분류 안내
2022-11-10T02:31:00,,이사장 백양 누리 환경 안전 보건 분야 난제 해결 활동 연구 성과 공유 환경 학술 포럼 연구자 활동가 환경 안전 보건 분야 관심 시민 참여 일정 확인 참가 신청 링크 희망 이사장 저녁 컨벤션 창립 희망 후원 대륙 행사 후원 계좌 예금주 희망 마사회 적폐 청산 시민 노총 공공 운수 노조 정오 경마 공원 경마 기수 문중 추모 문화 오전 솥발 공원 묘원 묘역 참배 학회 하임 지난달 본상 수상자 의대 외과학 교수 선정 위암 종양 생물학 분야 국제 수준 연구 수행 국내 위암 치료 발전 기여 공로 인정받 상금 시상식 새달 미디어 인터 아트 센터 열리 아트 디자인 페어 참가 발간 예술 전문 잡지 포럼 라운지 차례 아트 포럼 프로그램 운영 자체 아트 플랫 컬렉션 작가 기획 투어 리스 전시 브이아이피 라운지 운영 국내 작가 참가 피아르 협회 회장 피아르 대상 세계 최장 대교 기술 홍보 캠페인 선정 건국 기념 국내 기술 건설 세계 최장 현수교 홍보 캠페인 시상식 플로팅 컨벤션 기업 은행 회장 기업 명예 액자 선정 회장 전신 영진 세라믹스 세우 동안 세라믹 소재 가공 기술 개발 전자 부품 소성 내화물 국산화 성공 인물 역사 인식 평화 포럼 화상 회의 전쟁 세계 국제 사회 역할 주제 평화 포럼 대회 행사 가비 무료 신청 링크 장기 기증 협회 장기 기증 국제 심포지엄 전문가 장기 기증 이식 연합 조직 필요 국제 협력 방안 논의 신안군 군수 세상 국제 협력 전문 기관 신안군 정책 생물 보전 상호 협력 협약 국제 사회 세계 자연 유산 갯벌 알리 갯벌 생물 보전 상호 협력 체계 구축 보전 국내외 인지 향상 상호 협력 문화재청 문화재 재단 대전 시립 미술관 시립 미술관 대전 창작 센터 디지털 문화유산 체험 전시회 국제 영화제 시브 부문 공식 청작 시인 영화 국내 처음 공개 오전 오후 관람 관람료 무료 아트 센터 마술사 마스터 피스 공연 누적 공연 횟수 대표작 이번 공연 장판 작업자 협업 제작 장면 추가 박물관 역사박물관 분관 내년 해방 이후 현재 대표 책방 거리 청계 들여다보 기획 책방 거리 오전 오후 관람 월요일 휴관 오후 전시장 기획 시작 고등어 소요 작가 참여 이번 전시 새달 열리 오후 관람 월요일 휴관 국제 청소년 영화제 오후 공연장 국제 청소년 영화제 개막 감독 참가 등록 정오 구글 가능 신한 투자 증권 대학생 대상 디지털 인재 양성 교육 프로그램 프로 디지털 아카데미 교육 모집 자본 시장 실무 기반 개발 금융 취업 관련 교육 진행 현직 준비 아카데미 수료 전원 채용 서류 전형 면제 재단 중앙 회의 후원 축구 센터 코리아 실드 프로젝트 축구 대형 수비수 부재 문제 해소 장기 프로젝트 상무 선수 올해 행사 현재 고등학생 유망주 기량 키우 체계 훈련 진행 경찰 대학 도서관 지역 주민 대상 강좌 수강자 창작 제목 시집 문화 체육관 광부 주최 인문학 공모 사업 선정 이달 화요일 진행 저녁 강좌 결과물 군가 기념사업 발간 나라 최초 군가 해방 행진곡 아리랑 겨레 마후라 기존 군가 편곡 합창곡 수록 올해 음원 발표 천안 추모 바다 예비역 주제 작곡 편곡 작곡가 전자 대학 병원 지난해 식물 생활 가전 미니 기부 복음 병원 병원 병원 퇴원 소아 환자 중환자 쾌유 기원 선물 전달 환자 심리 안정 병실 비치 사회봉 사단 봉사 참가자 걸음 성금 기부 행사 기관 장애 임직원 봉사자 경기 타워 출발 야생 자연 학습장 돌아오 코스 사단 행사 참가자 기부 성금 적립 신용 정보원 취약 아동 상당 놀이 교구 기부 다트 놀이 주머니 던지기 교구 아이 성장 발달 활용 계획 지구촌 운동 이사장 엔지오 정부 기구 위원회 저소득 농가 자립 기여 공로패 위원회 개발 협력 분야 양국 우호 증진 기여 평가 국가 평화 우호 감사 메달 감사장 기사 섹션 분류 안내,이사장 백양 누리 환경 안전 보건 분야 난제 해결 활동 연구 성과 공유 환경 학술 포럼 연구자 활동가 환경 안전 보건 분야 관심 시민 참여 일정 확인 참가 신청 링크 희망 이사장 저녁 컨벤션 창립 희망 후원 대륙 행사 후원 계좌 예금주 희망 마사회 적폐 청산 시민 노총 공공 운수 노조 정오 경마 공원 경마 기수 문중 추모 문화 오전 솥발 공원 묘원 묘역 참배 학회 하임 지난달 본상 수상자 의대 외과학 교수 선정 위암 종양 생물학 분야 국제 수준 연구 수행 위암 치료 발전 기여 공로 인정받 상금 시상식 새달 미디어 인터 아트 센터 열리 아트 디자인 페어 참가 발간 예술 전문 잡지 포럼 라운지 차례 아트 포럼 프로그램 운영 자체 아트 플랫 컬렉션 작가 기획 투어 리스 전시 브이아이피 라운지 운영 작가 참가 피아르 협회 회장 피아르 대상 세계 최장 대교 기술 홍보 캠페인 선정 건국 기념 기술 세계 최장 현수교 홍보 캠페인 시상식 플로팅 컨벤션 기업 은행 회장 기업 명예 액자 선정 회장 전신 영진 세라믹스 세우 동안 세라믹 소재 가공 기술 개발 전자 부품 소성 내화물 국산화 성공 인물 역사 인식 평화 포럼 화상 회의 전쟁 세계 국제 사회 역할 주제 평화 포럼 대회 행사 가비 무료 신청 링크 장기 기증 협회 장기 기증 국제 심포지엄 전문가 장기 기증 이식 연합 조직 필요 국제 협력 방안 논의 신안군 군수 국제 협력 전문 기관 신안군 정책 생물 보전 상호 협력 협약 국제 사회 세계 자연 유산 갯벌 알리 갯벌 생물 보전 상호 협력 체계 구축 보전 국내외 인지 향상 상호 협력 문화재청 문화재 재단 대전 시립 미술관 시립 미술관 대전 창작 센터 디지털 문화유산 체험 전시회 국제 영화제 시브 부문 공식 청작 시인 영화 처음 공개 오전 오후 관람 관람료 무료 아트 센터 마술사 마스터 피스 공연 누적 공연 횟수 대표작 이번 공연 장판 작업자 협업 제작 장면 추가 박물관 역사박물관 분관 내년 해방 이후 현재 대표 책방 거리 청계 들여다보 기획 책방 거리 오전 오후 관람 월요일 휴관 오후 전시장 기획 시작 고등어 소요 작가 참여 이번 전시 새달 열리 오후 관람 월요일 휴관 국제 청소년 영화제 오후 공연장 국제 청소년 영화제 개막 감독 참가 등록 정오 구글 가능 신한 투자 증권 대학생 대상 디지털 인재 양성 교육 프로그램 프로 디지털 아카데미 교육 모집 자본 시장 실무 기반 개발 금융 취업 관련 교육 진행 현직 준비 아카데미 수료 전원 채용 서류 전형 면제 재단 중앙 회의 후원 축구 센터 코리아 실드 프로젝트 축구 대형 수비수 부재 문제 해소 장기 프로젝트 상무 선수 올해 행사 현재 고등학생 유망주 기량 키우 체계 훈련 진행 경찰 대학 도서관 지역 주민 대상 강좌 수강자 창작 제목 시집 문화 체육관 광부 주최 인문학 공모 사업 선정 이달 화요일 진행 저녁 강좌 결과물 군가 기념사업 발간 나라 최초 군가 해방 행진곡 아리랑 겨레 마후라 기존 군가 편곡 합창곡 수록 올해 음원 발표 천안 추모 바다 예비역 주제 작곡 편곡 작곡가 전자 대학 병원 지난해 식물 생활 가전 미니 기부 복음 병원 병원 병원 퇴원 소아 환자 중환자 쾌유 기원 선물 전달 환자 심리 안정 병실 비치 사회봉 사단 봉사 참가자 걸음 성금 기부 행사 기관 장애 임직원 봉사자 경기 타워 출발 야생 자연 학습장 돌아오 코스 사단 행사 참가자 기부 성금 적립 신용 정보원 취약 아동 상당 놀이 교구 기부 다트 놀이 주머니 던지기 교구 아이 성장 발달 활용 계획 지구촌 운동 이사장 엔지오 정부 기구 위원회 저소득 농가 자립 기여 공로패 위원회 개발 협력 분야 양국 우호 증진 기여 평가 국가 평화 우호 감사 메달 감사장 분류 안내
